,Make,Model,Year,Engine Size,Mileage,Fuel Type,Transmission,Price
0,Honda,Model B,2015,3.9,74.176,Petrol,Manual,30246.20793120509
1,Ford,Model C,2014,1.7,94.799,Electric,Automatic,22785.747684331356
2,BMW,Model B,2006,4.1,98.385,Electric,Manual,25760.290347165286
3,Honda,Model B,2015,2.6,88.919,Electric,Automatic,25638.00349070714
4,Honda,Model C,2004,3.4,138.482,Petrol,Automatic,21021.386657394465
5,Ford,Model C,2015,2.7,81.462,Electric,Manual,25509.93287629353
6,Audi,Model B,2000,1.3,179.34,Diesel,Manual,12268.206025234887
7,Audi,Model C,2018,2.0,165.32,Electric,Automatic,27783.73788099169
8,Honda,Model A,2004,4.4,31.159,Electric,Automatic,27392.17842052496
9,Ford,Model C,2006,4.4,42.039,Electric,Automatic,28434.53362361644
10,Audi,Model C,2018,2.1,47.8,Electric,Automatic,29404.954005061834
11,Ford,Model B,2021,4.5,40.761,Diesel,Manual,36811.01281668896
12,Ford,Model A,2004,4.0,94.626,Petrol,Automatic,25205.003959368507
13,Honda,Model D,2016,3.1,118.368,Diesel,Manual,27796.075501353043
14,Honda,Model D,2021,1.1,174.735,Diesel,Manual,23521.88168354501
15,Toyota,Model E,2007,4.2,80.903,Petrol,Manual,26493.183231202293
16,Audi,Model C,2000,3.0,171.484,Electric,Automatic,16626.379445014078
17,Audi,Model C,2001,4.0,118.998,Petrol,Automatic,21122.1891416249
18,Audi,Model A,2014,3.9,166.439,Petrol,Manual,21853.33258714576
19,BMW,Model D,2019,3.9,136.885,Diesel,Manual,34716.98001970374
20,Ford,Model E,2017,3.4,59.894,Petrol,Manual,32761.645499094437
21,Honda,Model A,2010,2.0,51.444,Electric,Manual,23469.161589430896
22,Audi,Model C,2009,2.2,165.341,Diesel,Automatic,20093.070808766803
23,Toyota,Model D,2003,2.1,61.748,Electric,Manual,18920.31855483959
24,Audi,Model E,2004,1.1,41.19,Diesel,Automatic,20152.09690167459
25,Ford,Model B,2003,3.0,40.318,Electric,Automatic,21520.12291774841
26,Ford,Model D,2012,3.4,168.09,Petrol,Automatic,23293.130308719145
27,Honda,Model E,2012,4.0,124.078,Petrol,Automatic,23633.389547739884
28,BMW,Model A,2017,1.5,39.759,Petrol,Manual,29288.89578862573
29,Honda,Model B,2001,2.9,16.498,Electric,Automatic,25839.54216182566
30,Audi,Model E,2015,1.0,25.989,Diesel,Manual,25546.588800832757
31,Toyota,Model E,2000,1.3,156.64,Diesel,Automatic,14089.788408398124
32,Honda,Model C,2018,1.2,117.035,Diesel,Manual,22788.321295955186
33,BMW,Model D,2008,3.5,66.577,Petrol,Manual,27694.611928539816
34,Honda,Model C,2002,1.3,105.231,Electric,Manual,15961.213902875084
35,Ford,Model B,2006,3.5,161.171,Diesel,Manual,22519.39025009384
36,Audi,Model E,2009,1.9,89.9,Electric,Manual,19181.81635933002
37,Audi,Model C,2000,4.1,171.711,Diesel,Automatic,16604.498169800227
38,Audi,Model D,2009,3.8,104.679,Petrol,Manual,23648.417357426908
39,Audi,Model B,2020,4.4,23.482,Electric,Automatic,37032.60751681
40,Audi,Model A,2008,4.1,69.212,Diesel,Manual,28849.579398883176
41,Audi,Model C,2014,4.3,186.333,Diesel,Automatic,25844.62473356537
42,Toyota,Model B,2014,4.0,30.048,Diesel,Automatic,31479.64694321859
43,BMW,Model A,2002,3.4,134.137,Diesel,Automatic,14502.975868116162
44,Audi,Model C,2004,1.6,133.108,Petrol,Manual,17622.004589515123
45,BMW,Model B,2008,2.0,35.814,Diesel,Automatic,26785.398168634143
46,Audi,Model B,2021,1.7,190.766,Diesel,Manual,28722.71774326649
47,Honda,Model C,2008,3.1,147.996,Petrol,Manual,20951.40955857868
48,Audi,Model B,2006,2.8,129.493,Diesel,Automatic,19794.718978131823
49,Ford,Model E,2011,4.0,60.204,Electric,Automatic,30130.309562576305
50,Toyota,Model C,2008,4.3,32.844,Electric,Manual,29445.48311355711
51,Honda,Model B,2005,2.4,81.943,Diesel,Manual,24753.59681452641
52,Honda,Model A,2001,2.8,21.518,Petrol,Manual,22407.72268350372
53,Ford,Model A,2008,4.4,148.131,Petrol,Manual,23895.75456201794
54,Audi,Model E,2016,2.0,23.052,Petrol,Manual,31599.826148544693
55,Toyota,Model C,2000,3.8,69.803,Diesel,Manual,23726.57862526377
56,Honda,Model B,2018,1.8,71.524,Diesel,Automatic,30346.215343516054
57,Toyota,Model B,2005,3.4,89.572,Electric,Manual,22948.26789714067
58,Honda,Model A,2004,1.9,139.752,Petrol,Manual,20338.96900473741
59,Audi,Model E,2001,4.1,67.021,Diesel,Automatic,21021.26925344609
60,Honda,Model A,2008,3.0,20.043,Diesel,Automatic,24750.239377055197
61,Honda,Model A,2013,1.7,2.419,Diesel,Automatic,31337.129832918512
62,BMW,Model E,2003,1.8,187.964,Petrol,Manual,14716.4991509295
63,Audi,Model C,2003,2.7,121.831,Petrol,Automatic,21650.08173175999
64,Ford,Model B,2020,4.4,101.799,Electric,Automatic,32908.9919162183
65,Ford,Model C,2014,3.7,148.212,Petrol,Manual,25975.3181829386
66,Audi,Model D,2007,2.7,174.556,Diesel,Manual,16516.158281751552
67,Ford,Model D,2003,2.2,194.941,Electric,Manual,15099.270863365697
68,Audi,Model D,2015,2.9,176.282,Petrol,Manual,26209.114472633504
69,Ford,Model E,2020,3.6,57.6,Petrol,Automatic,33433.34058814334
70,BMW,Model A,2003,3.7,116.467,Petrol,Manual,23440.80639148045
71,Ford,Model C,2015,2.1,78.497,Petrol,Automatic,28083.89791878724
72,Honda,Model B,2021,3.5,108.611,Diesel,Manual,29044.03396667674
73,Audi,Model D,2011,3.3,137.559,Petrol,Automatic,25936.31066350544
74,Toyota,Model C,2015,4.4,60.692,Diesel,Manual,31637.942553880304
75,Toyota,Model D,2018,4.3,62.112,Diesel,Manual,32975.09518341061
76,Audi,Model D,2007,3.8,162.182,Diesel,Manual,26186.290378010654
77,BMW,Model B,2005,3.5,16.36,Electric,Automatic,28876.60673366304
78,Ford,Model E,2009,2.0,180.482,Diesel,Automatic,17198.895951445586
79,BMW,Model A,2004,4.0,83.038,Petrol,Automatic,24977.176126019443
80,Toyota,Model E,2017,2.5,3.017,Electric,Manual,32422.38985271645
81,Audi,Model C,2009,2.0,86.261,Petrol,Automatic,26559.13630867799
82,Audi,Model E,2009,2.3,191.196,Diesel,Manual,18619.12116092821
83,BMW,Model C,2006,3.9,182.021,Petrol,Manual,25114.947306661936
84,BMW,Model C,2017,1.5,189.34,Electric,Manual,18439.53460515992
85,Ford,Model A,2000,2.6,66.32,Electric,Automatic,20819.294492658613
86,Honda,Model B,2006,2.7,31.127,Petrol,Manual,24317.93911560689
87,Honda,Model A,2020,1.1,134.268,Petrol,Automatic,23496.94278916075
88,Ford,Model E,2000,1.7,75.088,Petrol,Manual,17699.356990781285
89,Honda,Model C,2014,3.9,172.372,Electric,Manual,23758.786640002247
90,Toyota,Model D,2003,3.9,180.786,Diesel,Manual,22721.04360997124
91,Honda,Model D,2019,2.0,31.921,Petrol,Automatic,33749.07065768503
92,Ford,Model C,2009,4.1,4.746,Diesel,Automatic,32267.989022928246
93,Honda,Model A,2008,3.7,68.535,Electric,Manual,26024.54621022126
94,Audi,Model B,2001,2.5,65.35,Petrol,Automatic,19866.033914444622
95,BMW,Model A,2013,3.6,181.417,Petrol,Automatic,25112.76748295554
96,Toyota,Model C,2015,4.4,180.292,Electric,Manual,26885.701902472352
97,Audi,Model C,2000,2.6,81.131,Petrol,Manual,19853.79809280083
98,Audi,Model B,2001,1.8,22.063,Diesel,Automatic,23079.23601460086
99,Ford,Model E,2006,4.3,117.116,Electric,Manual,26526.341081820985
100,BMW,Model E,2009,3.1,88.913,Electric,Manual,24946.26993994605
101,BMW,Model B,2021,1.4,78.946,Petrol,Automatic,26778.048174623844
102,Toyota,Model E,2019,3.0,177.043,Electric,Automatic,23005.61866634597
103,Ford,Model D,2000,2.8,134.67,Petrol,Manual,18367.763348682925
104,Toyota,Model E,2012,4.0,10.564,Petrol,Automatic,36806.29194626599
105,Honda,Model E,2000,2.9,49.725,Electric,Automatic,20092.42346009751
106,Audi,Model E,2004,1.9,86.134,Petrol,Manual,22692.238162068115
107,Toyota,Model D,2015,3.4,105.94,Diesel,Manual,26651.88768130642
108,Audi,Model E,2014,2.9,191.012,Diesel,Manual,21301.336928173827
109,Ford,Model D,2016,1.8,62.085,Petrol,Manual,29325.596960235664
110,Honda,Model B,2015,3.0,17.862,Diesel,Automatic,31096.38368667561
111,Ford,Model A,2012,3.9,10.265,Petrol,Automatic,32783.26959298096
112,Honda,Model B,2010,1.1,140.777,Diesel,Manual,19619.33951242473
113,Honda,Model A,2016,3.2,186.351,Electric,Manual,22734.554676473184
114,Audi,Model B,2016,2.2,62.471,Petrol,Manual,30066.6451118404
115,Ford,Model A,2001,2.0,91.08,Petrol,Manual,18822.83562553442
116,Ford,Model A,2012,2.4,194.051,Petrol,Automatic,17320.429502165516
117,Toyota,Model C,2013,2.2,55.828,Petrol,Automatic,25323.63196173479
118,Ford,Model A,2010,3.9,116.884,Petrol,Manual,19722.494305080218
119,Toyota,Model A,2009,2.0,108.007,Petrol,Manual,22203.63406434929
120,BMW,Model C,2002,3.6,46.104,Electric,Automatic,27502.93292669767
121,BMW,Model E,2016,1.3,40.934,Electric,Automatic,25459.000344440086
122,BMW,Model E,2014,4.3,114.42,Diesel,Automatic,30050.07651667699
123,Ford,Model C,2008,3.2,6.05,Petrol,Automatic,29958.63476812381
124,Ford,Model D,2009,3.5,175.024,Diesel,Manual,20245.044948824983
125,Toyota,Model A,2007,2.0,8.484,Diesel,Automatic,29148.868312636343
126,Honda,Model A,2020,2.4,62.648,Electric,Automatic,30122.279119550163
127,Toyota,Model C,2012,1.8,59.945,Diesel,Automatic,29623.28675967311
128,BMW,Model C,2017,4.3,184.75,Electric,Manual,23591.142061999555
129,Toyota,Model D,2004,2.7,31.323,Diesel,Manual,24295.578896817515
130,Honda,Model E,2005,3.2,86.332,Petrol,Automatic,23282.89595196669
131,Ford,Model B,2016,3.6,94.605,Diesel,Automatic,29388.52395735864
132,Toyota,Model E,2010,2.3,166.433,Electric,Manual,21711.01196857656
133,BMW,Model A,2019,3.5,10.315,Electric,Manual,41780.5046353258
134,BMW,Model C,2015,3.4,47.968,Electric,Automatic,31811.732307069517
135,Ford,Model D,2008,3.5,157.591,Diesel,Manual,22168.93048525096
136,Toyota,Model E,2001,2.7,9.107,Diesel,Automatic,22252.25095286496
137,Honda,Model D,2004,2.3,55.781,Electric,Manual,19030.73705469249
138,Ford,Model E,2000,1.8,3.869,Petrol,Automatic,24747.071662736176
139,Toyota,Model A,2003,3.9,80.983,Petrol,Automatic,23157.28168816858
140,Audi,Model B,2003,3.1,158.442,Diesel,Manual,23986.216706491232
141,BMW,Model D,2021,2.6,193.767,Diesel,Automatic,26748.073236771117
142,Honda,Model D,2002,4.3,191.494,Electric,Manual,19708.418946895927
143,Honda,Model B,2008,1.2,7.971,Diesel,Manual,25789.70779178422
144,Honda,Model D,2021,4.0,96.805,Diesel,Manual,33467.70353011093
145,BMW,Model D,2011,4.5,25.651,Electric,Automatic,30828.316109272462
146,Toyota,Model E,2009,4.1,56.974,Electric,Automatic,25348.2945923593
147,Ford,Model E,2001,3.8,23.446,Diesel,Automatic,24826.32974696832
148,Toyota,Model B,2010,2.3,169.18,Petrol,Manual,20104.287551612528
149,Ford,Model A,2009,1.8,3.823,Diesel,Automatic,25613.21539754382
150,Honda,Model D,2021,3.6,144.526,Petrol,Automatic,26901.532900080103
151,Toyota,Model A,2005,2.1,135.004,Petrol,Automatic,17453.37937007505
152,Honda,Model B,2017,1.6,141.292,Petrol,Automatic,25706.864933945883
153,Audi,Model B,2001,3.8,67.965,Electric,Manual,25198.14156878829
154,Honda,Model E,2001,2.1,159.28,Electric,Automatic,16078.81959180701
155,Honda,Model D,2009,4.2,10.51,Electric,Manual,32548.69585260059
156,Ford,Model C,2015,3.9,175.117,Diesel,Manual,23280.283064811338
157,Audi,Model B,2011,4.0,141.609,Electric,Manual,23828.70041649039
158,Honda,Model D,2000,3.7,105.935,Electric,Manual,21725.28014875638
159,Honda,Model A,2020,4.1,69.134,Diesel,Automatic,31734.282338134355
160,Audi,Model E,2007,3.8,72.254,Diesel,Automatic,26704.09649617642
161,Audi,Model A,2015,3.1,144.854,Petrol,Automatic,22932.250811894453
162,Toyota,Model B,2017,2.0,114.78,Diesel,Manual,22461.774141132773
163,Ford,Model B,2012,4.1,125.544,Diesel,Automatic,28394.957512089757
164,Audi,Model A,2014,3.9,65.587,Electric,Manual,32574.74170435552
165,Audi,Model B,2020,2.7,82.238,Petrol,Automatic,29026.458012185118
166,BMW,Model D,2011,1.1,75.72,Petrol,Automatic,19873.07483505823
167,Audi,Model B,2007,3.2,78.004,Diesel,Automatic,20583.0556219742
168,Ford,Model E,2009,1.2,22.072,Electric,Manual,28480.40029906886
169,Honda,Model D,2013,4.2,81.015,Electric,Automatic,30072.03170700992
170,Honda,Model C,2004,4.4,72.746,Electric,Manual,24946.713405663508
171,Honda,Model B,2017,1.7,176.774,Electric,Manual,21333.476872345043
172,Honda,Model B,2018,3.4,102.26,Diesel,Manual,25860.335499702134
173,BMW,Model E,2014,1.3,137.129,Electric,Automatic,22983.346947532464
174,Audi,Model E,2005,3.6,128.259,Petrol,Automatic,26287.265383770668
175,Honda,Model A,2010,2.2,30.916,Petrol,Manual,25288.685982241248
176,Toyota,Model A,2020,3.4,27.268,Diesel,Manual,39203.51407329373
177,Honda,Model A,2010,2.3,175.05,Electric,Manual,19614.6902010778
178,Audi,Model E,2019,1.5,23.259,Electric,Manual,33670.556257087344
179,Honda,Model A,2019,2.4,184.655,Electric,Manual,24681.69208859138
180,BMW,Model A,2020,1.4,79.4,Electric,Automatic,28442.26237800999
181,Ford,Model C,2017,3.0,34.293,Diesel,Automatic,35473.20148503057
182,Ford,Model A,2017,1.1,111.581,Electric,Automatic,25686.357877203704
183,Audi,Model B,2009,2.8,7.043,Diesel,Manual,29497.54615666564
184,Ford,Model E,2001,4.1,181.502,Electric,Manual,14742.226323856292
185,Ford,Model D,2008,3.9,107.009,Electric,Automatic,22435.13286828753
186,Toyota,Model C,2013,4.1,38.893,Petrol,Automatic,32672.45994803784
187,Audi,Model E,2018,4.2,171.714,Diesel,Manual,30749.866610742483
188,Audi,Model E,2009,1.4,161.94,Petrol,Manual,18459.902134492582
189,Ford,Model B,2003,1.5,26.309,Diesel,Manual,21001.94072224211
190,Ford,Model A,2005,2.9,23.284,Electric,Automatic,22457.45922165679
191,Ford,Model B,2013,4.1,126.801,Electric,Manual,25792.77988503244
192,BMW,Model A,2003,4.4,113.259,Diesel,Manual,23899.012258394072
193,Honda,Model A,2014,1.2,100.804,Petrol,Manual,21646.88669550848
194,BMW,Model E,2015,2.2,69.0,Diesel,Automatic,25521.107459205068
195,Audi,Model A,2006,1.7,84.179,Diesel,Manual,21088.81547304672
196,Toyota,Model C,2016,3.6,193.179,Electric,Automatic,27437.87334024478
197,Honda,Model C,2018,3.2,65.049,Petrol,Manual,32516.988775776837
198,Toyota,Model C,2018,1.4,29.265,Diesel,Manual,29908.493570740236
199,Audi,Model E,2016,2.7,23.88,Petrol,Automatic,31582.972761520843
200,Audi,Model B,2005,3.4,84.579,Petrol,Manual,25173.40340471428
201,Toyota,Model D,2010,3.7,131.327,Diesel,Automatic,24613.38684843462
202,Toyota,Model A,2015,1.1,132.574,Petrol,Manual,21249.13676464303
203,Toyota,Model D,2007,4.1,65.424,Electric,Automatic,28905.18791851654
204,Audi,Model B,2010,3.0,70.966,Electric,Manual,26000.90943567536
205,Ford,Model B,2006,3.8,172.438,Electric,Automatic,18600.90519506473
206,Toyota,Model E,2021,3.8,158.497,Electric,Automatic,32061.750020259577
207,Honda,Model C,2018,1.7,183.4,Petrol,Manual,18490.145409903835
208,Audi,Model C,2009,1.4,67.396,Electric,Automatic,25966.84564913463
209,BMW,Model B,2008,3.5,71.694,Diesel,Manual,27428.21049301553
210,BMW,Model E,2003,1.5,136.878,Electric,Automatic,14717.798534521346
211,Honda,Model E,2014,4.0,17.106,Diesel,Manual,33193.20910777398
212,Ford,Model A,2012,3.5,56.731,Diesel,Manual,28305.723198605465
213,Toyota,Model C,2001,3.9,75.01,Electric,Manual,25164.951456710096
214,Audi,Model B,2001,2.0,32.599,Electric,Manual,23445.91250499211
215,Toyota,Model D,2015,2.1,71.326,Petrol,Automatic,28056.427042160187
216,Audi,Model C,2008,3.3,75.706,Diesel,Manual,27307.46616196713
217,BMW,Model A,2012,1.1,9.004,Electric,Manual,26520.13514982756
218,Toyota,Model E,2002,3.5,115.018,Petrol,Manual,24772.45019038796
219,Honda,Model B,2008,3.9,182.436,Electric,Manual,24125.41376691525
220,Ford,Model C,2012,2.5,25.792,Electric,Manual,27756.38856335729
221,Honda,Model D,2020,3.7,195.984,Electric,Automatic,28222.52343206645
222,Ford,Model A,2021,1.6,54.645,Diesel,Manual,31414.914571820114
223,Toyota,Model A,2001,2.1,7.232,Electric,Automatic,22818.87668942465
224,Toyota,Model C,2007,4.4,54.766,Petrol,Automatic,27885.18671150585
225,Ford,Model D,2008,4.5,120.601,Electric,Manual,28398.966023555608
226,BMW,Model A,2015,2.8,81.588,Electric,Manual,27991.21249394888
227,Audi,Model B,2001,4.3,179.614,Petrol,Automatic,19639.643780672908
228,Honda,Model A,2005,2.8,5.913,Petrol,Automatic,29606.55813092816
229,Honda,Model D,2021,2.0,112.406,Diesel,Automatic,32946.378001395686
230,Honda,Model E,2007,1.9,113.693,Diesel,Manual,19562.10010603887
231,Toyota,Model E,2004,4.3,93.449,Diesel,Automatic,24485.749498157784
232,Honda,Model C,2008,1.6,10.567,Diesel,Automatic,25819.65802388573
233,Audi,Model D,2000,3.0,38.379,Petrol,Manual,23274.52286547603
234,Audi,Model A,2008,2.9,0.319,Electric,Automatic,29536.759777223782
235,Ford,Model A,2009,3.6,90.005,Electric,Manual,25219.392983726
236,Toyota,Model E,2003,2.7,110.99,Electric,Automatic,17818.117960774347
237,Audi,Model E,2002,2.0,4.791,Diesel,Manual,27268.100489699496
238,BMW,Model B,2009,1.6,131.401,Petrol,Automatic,21354.115001607566
239,Toyota,Model E,2014,3.2,61.032,Petrol,Manual,28511.328533321022
240,Toyota,Model B,2010,3.5,175.15,Petrol,Manual,23116.726015841465
241,Audi,Model A,2013,3.0,88.662,Electric,Automatic,30732.80105190751
242,BMW,Model B,2005,3.6,21.3,Diesel,Manual,26058.956762448688
243,Ford,Model B,2011,1.5,75.7,Petrol,Automatic,24137.28042615392
244,Audi,Model C,2012,4.1,182.017,Diesel,Manual,21319.42051819694
245,BMW,Model E,2016,3.0,55.609,Petrol,Manual,29982.86675225236
246,Toyota,Model B,2015,1.4,191.634,Diesel,Manual,20951.490772229117
247,BMW,Model A,2002,2.6,90.045,Petrol,Manual,18468.303488089983
248,Toyota,Model D,2001,4.0,61.901,Diesel,Manual,24030.54726178305
249,Audi,Model B,2010,4.1,5.703,Petrol,Manual,33514.704599059834
250,Audi,Model E,2008,1.9,63.115,Petrol,Manual,24822.650264465177
251,Honda,Model C,2002,3.5,27.676,Diesel,Automatic,23300.93663814228
252,Honda,Model A,2017,1.3,192.782,Diesel,Automatic,21208.44974980448
253,Honda,Model C,2019,1.1,191.149,Electric,Manual,22259.987674374755
254,Audi,Model D,2014,3.0,121.332,Diesel,Manual,26149.371033372063
255,Ford,Model B,2013,3.4,176.512,Petrol,Manual,25653.078618633383
256,Audi,Model B,2001,3.8,167.995,Petrol,Automatic,17521.355362720617
257,BMW,Model E,2016,2.2,29.802,Diesel,Manual,30734.868925583025
258,Audi,Model B,2021,1.0,90.331,Electric,Automatic,24653.04942589353
259,Audi,Model A,2007,2.7,193.976,Diesel,Manual,14999.948313633242
260,Toyota,Model D,2009,1.1,191.234,Petrol,Manual,17700.457962430544
261,Toyota,Model C,2017,1.3,124.786,Petrol,Manual,23901.824940859657
262,Toyota,Model D,2018,2.1,65.169,Electric,Manual,28014.714857767805
263,Audi,Model B,2007,2.5,68.147,Diesel,Manual,21962.337971809284
264,Ford,Model C,2007,2.0,22.075,Petrol,Automatic,27050.454763526683
265,BMW,Model E,2002,3.0,82.015,Petrol,Manual,18883.221254734344
266,BMW,Model D,2002,1.2,9.304,Petrol,Automatic,23920.55493637738
267,Ford,Model C,2011,1.5,129.851,Diesel,Automatic,21909.44474086523
268,Ford,Model C,2021,3.4,120.729,Diesel,Manual,27347.9672239703
269,BMW,Model C,2016,1.5,59.622,Electric,Manual,27270.82282975728
270,Honda,Model A,2003,3.2,54.215,Petrol,Manual,29496.699750732703
271,Toyota,Model D,2016,1.2,73.973,Petrol,Automatic,28080.18656892695
272,Toyota,Model C,2013,2.4,108.654,Electric,Automatic,23211.24564162468
273,BMW,Model D,2018,1.6,143.593,Petrol,Automatic,25453.761364477417
274,Ford,Model C,2008,1.4,24.028,Electric,Manual,21766.77374092624
275,Honda,Model E,2020,3.0,39.328,Electric,Automatic,30290.971647787752
276,BMW,Model E,2011,4.2,27.301,Petrol,Automatic,31400.338660064568
277,Toyota,Model E,2004,1.2,38.015,Diesel,Automatic,22602.55453715815
278,Audi,Model B,2010,2.5,36.845,Diesel,Manual,28780.41063784284
279,Ford,Model C,2019,3.5,86.818,Diesel,Automatic,32809.467449106734
280,Audi,Model B,2002,2.6,76.394,Diesel,Automatic,22369.8002250704
281,BMW,Model D,2020,3.8,175.231,Petrol,Manual,24610.4677458078
282,Toyota,Model B,2014,1.6,43.714,Electric,Manual,26892.43672970543
283,Honda,Model D,2013,4.4,80.722,Electric,Manual,32201.26378326245
284,Audi,Model D,2010,2.3,25.23,Petrol,Automatic,28225.08185321485
285,Honda,Model D,2019,2.2,92.554,Diesel,Automatic,28636.512064114653
286,Toyota,Model B,2007,4.1,49.262,Electric,Automatic,28895.35173382063
287,Audi,Model C,2003,3.0,41.722,Petrol,Manual,25038.93975955444
288,Honda,Model B,2011,2.8,177.431,Petrol,Automatic,17298.65543404631
289,Honda,Model C,2007,3.5,62.796,Diesel,Manual,28669.982285270788
290,Audi,Model C,2005,3.0,171.231,Petrol,Manual,18717.384185026425
291,Toyota,Model D,2014,1.6,87.052,Electric,Automatic,26262.57291497112
292,Honda,Model B,2011,3.4,100.808,Electric,Automatic,21648.308989591565
293,BMW,Model C,2015,1.5,136.311,Petrol,Automatic,26006.433808281246
294,Audi,Model E,2015,3.8,91.951,Electric,Manual,27189.626712454243
295,Ford,Model C,2020,4.5,50.886,Petrol,Manual,40538.38206406105
296,Ford,Model E,2019,2.3,103.424,Electric,Automatic,32167.2807744579
297,Toyota,Model B,2019,2.6,158.267,Diesel,Manual,23136.817961155077
298,BMW,Model B,2003,1.2,104.697,Electric,Automatic,19299.223372518383
299,Honda,Model B,2010,1.0,96.299,Diesel,Automatic,19150.62628419968
300,Ford,Model C,2012,4.2,165.746,Diesel,Automatic,23833.88792825096
301,Toyota,Model A,2008,1.5,149.177,Petrol,Manual,17307.484798045665
302,BMW,Model C,2003,2.6,160.811,Diesel,Manual,18555.311346758783
303,BMW,Model C,2011,3.9,163.041,Electric,Automatic,24797.223580858805
304,Toyota,Model D,2008,4.1,14.497,Electric,Automatic,28071.968356653106
305,Toyota,Model D,2012,2.8,132.888,Diesel,Manual,24835.50280680622
306,Honda,Model C,2015,3.0,118.915,Petrol,Automatic,26146.03174701312
307,Toyota,Model E,2005,3.3,92.019,Diesel,Manual,19857.94423667752
308,Honda,Model D,2009,4.4,190.326,Electric,Automatic,21915.635472461978
309,Honda,Model C,2012,3.1,109.017,Electric,Manual,29070.003706986696
310,Audi,Model A,2006,3.0,69.385,Diesel,Automatic,23730.18745759413
311,BMW,Model E,2018,1.1,105.153,Diesel,Manual,21271.276377948187
312,BMW,Model B,2018,1.3,33.826,Diesel,Automatic,30537.63346549701
313,BMW,Model C,2016,3.0,110.034,Electric,Manual,25643.27963058028
314,Audi,Model C,2012,4.3,194.437,Electric,Manual,24307.00786082489
315,Honda,Model E,2012,4.0,84.242,Electric,Manual,28443.927009183644
316,Honda,Model D,2020,4.4,123.066,Petrol,Manual,35170.04046427376
317,Toyota,Model D,2001,2.8,50.1,Electric,Automatic,22252.433351071624
318,Audi,Model D,2009,3.8,125.17,Electric,Manual,22552.321449320447
319,Toyota,Model B,2021,3.9,135.431,Petrol,Manual,29590.754791876352
320,Audi,Model E,2012,3.3,96.205,Petrol,Automatic,24332.19770190073
321,Toyota,Model E,2008,2.2,12.809,Petrol,Manual,26341.020576671184
322,Ford,Model D,2000,2.6,64.45,Petrol,Automatic,24517.081465674222
323,BMW,Model D,2013,4.0,38.428,Petrol,Manual,34075.536078845515
324,BMW,Model A,2015,2.0,72.79,Petrol,Manual,30942.88100638817
325,Honda,Model A,2019,4.2,111.126,Diesel,Manual,32302.20019179345
326,Ford,Model C,2014,1.8,90.321,Diesel,Manual,25370.1504152862
327,BMW,Model C,2000,3.6,2.093,Diesel,Manual,24098.76388335786
328,Honda,Model E,2016,3.2,44.498,Diesel,Manual,31714.43557797456
329,Ford,Model E,2012,3.6,116.251,Electric,Automatic,26126.727438041304
330,BMW,Model B,2014,2.5,40.985,Petrol,Automatic,30508.00472928432
331,Toyota,Model B,2015,4.3,32.009,Electric,Manual,31255.0400424142
332,Audi,Model A,2015,3.2,128.515,Petrol,Manual,26579.61490862016
333,Ford,Model C,2001,2.0,17.718,Petrol,Automatic,19467.105751971136
334,Honda,Model A,2016,3.2,16.705,Electric,Automatic,33239.97518511037
335,Ford,Model A,2010,2.0,87.618,Diesel,Manual,24970.603763018407
336,Honda,Model C,2007,2.0,62.598,Electric,Manual,20127.079816822334
337,Ford,Model B,2019,2.4,77.878,Electric,Manual,26726.59549262799
338,Honda,Model C,2002,4.0,12.239,Petrol,Manual,24796.089958704462
339,BMW,Model D,2011,2.8,46.622,Petrol,Manual,27413.65008271336
340,Toyota,Model D,2019,3.4,46.665,Petrol,Manual,30171.780774339117
341,BMW,Model D,2015,2.4,32.274,Diesel,Automatic,32443.280444305463
342,Toyota,Model E,2013,1.9,142.491,Electric,Manual,23047.755963016072
343,BMW,Model B,2015,4.3,108.368,Electric,Manual,30879.67915946868
344,BMW,Model B,2020,3.1,146.075,Diesel,Automatic,24718.15422877333
345,Ford,Model E,2016,4.3,161.938,Electric,Automatic,30089.456171056445
346,Audi,Model A,2010,1.7,153.06,Electric,Automatic,21046.218880197124
347,Honda,Model D,2016,1.5,186.966,Petrol,Automatic,19287.00872024147
348,Honda,Model D,2018,4.0,108.563,Diesel,Manual,27488.3141505904
349,Honda,Model A,2021,3.4,136.746,Petrol,Automatic,29310.445553862184
350,Toyota,Model C,2000,1.7,93.103,Diesel,Automatic,16811.987175277452
351,Honda,Model C,2011,1.9,66.446,Petrol,Manual,24127.84632888608
352,Honda,Model B,2014,3.8,29.072,Electric,Automatic,30735.536007843533
353,Ford,Model E,2017,2.6,33.717,Diesel,Automatic,32457.02181468817
354,BMW,Model B,2013,3.3,157.723,Diesel,Manual,19012.699960941336
355,Honda,Model C,2000,2.1,117.202,Petrol,Manual,20199.75558066418
356,Audi,Model A,2012,2.3,175.363,Diesel,Manual,22828.08297743224
357,Honda,Model B,2014,4.5,122.389,Electric,Manual,29301.92037659096
358,Toyota,Model D,2006,1.9,109.525,Electric,Manual,20035.57885909501
359,Toyota,Model D,2014,2.8,194.422,Electric,Manual,24045.001311107168
360,Toyota,Model A,2019,4.0,4.646,Petrol,Manual,36183.181687812605
361,Honda,Model C,2009,1.8,39.713,Diesel,Automatic,24557.49103095305
362,Ford,Model D,2013,2.5,67.936,Petrol,Automatic,29380.6361357122
363,Audi,Model D,2005,3.2,175.403,Electric,Manual,23316.64145009985
364,Honda,Model E,2013,2.7,22.185,Diesel,Automatic,27848.736353178723
365,Ford,Model B,2021,2.6,84.263,Electric,Manual,31336.44862695357
366,Ford,Model C,2011,2.3,52.107,Diesel,Automatic,24321.86624424491
367,Honda,Model B,2010,3.1,197.626,Diesel,Manual,21321.97936452172
368,Honda,Model C,2019,3.2,17.563,Petrol,Automatic,32465.487043249
369,Ford,Model D,2021,3.3,70.729,Diesel,Manual,34986.64651382352
370,Ford,Model E,2018,1.2,15.701,Electric,Automatic,29414.711196077504
371,Ford,Model B,2001,3.2,179.289,Diesel,Manual,17028.507338409574
372,Honda,Model D,2021,4.3,175.682,Electric,Automatic,32578.13019491117
373,Ford,Model C,2019,2.9,181.203,Petrol,Automatic,23773.84416177527
374,Toyota,Model B,2000,3.5,128.331,Electric,Manual,20953.134388211183
375,Honda,Model B,2007,2.9,160.482,Diesel,Automatic,19008.993116232603
376,Toyota,Model D,2013,4.0,99.28,Electric,Automatic,30928.59508768628
377,BMW,Model B,2008,4.3,189.787,Electric,Automatic,25684.160897660648
378,Honda,Model E,2001,1.6,38.665,Diesel,Automatic,20240.93560425007
379,BMW,Model E,2004,2.5,15.957,Electric,Automatic,20813.969200477502
380,Ford,Model D,2007,2.4,179.199,Diesel,Manual,16963.77587569682
381,Ford,Model C,2015,2.4,194.661,Petrol,Manual,26432.22264804351
382,Audi,Model D,2021,1.4,46.008,Electric,Automatic,28815.3716136206
383,Ford,Model E,2015,3.8,61.92,Petrol,Manual,34546.04230079612
384,BMW,Model A,2012,1.1,163.947,Electric,Automatic,17790.078019741508
385,Ford,Model A,2019,2.8,113.828,Electric,Manual,27146.601288212063
386,Honda,Model B,2014,3.3,123.852,Petrol,Automatic,27965.77515400161
387,Ford,Model B,2000,1.7,132.698,Electric,Automatic,17083.781990138225
388,Audi,Model A,2021,4.2,90.815,Electric,Automatic,35063.59836264381
389,Ford,Model E,2002,3.9,194.894,Petrol,Automatic,18065.121117127102
390,BMW,Model B,2005,2.6,164.714,Electric,Manual,20533.02019602912
391,BMW,Model D,2021,2.4,38.311,Diesel,Manual,34307.45018860794
392,Ford,Model D,2013,1.8,32.356,Electric,Manual,29780.256125996588
393,BMW,Model E,2003,3.6,3.809,Electric,Automatic,26262.431889401723
394,BMW,Model B,2017,1.5,174.443,Electric,Manual,23845.10840555782
395,Audi,Model D,2014,3.4,34.875,Petrol,Manual,30013.57771506569
396,Honda,Model B,2008,3.9,9.465,Diesel,Automatic,30012.547540020983
397,Audi,Model B,2017,1.8,197.167,Diesel,Automatic,20886.395924753404
398,Toyota,Model D,2002,4.0,73.844,Electric,Automatic,22311.592178104456
399,Audi,Model A,2009,1.1,196.322,Petrol,Manual,12412.864779280546
400,Ford,Model D,2016,4.2,86.889,Petrol,Manual,33502.99808500944
401,Honda,Model E,2006,1.4,15.25,Diesel,Automatic,22633.00091527371
402,Ford,Model C,2014,3.3,46.023,Petrol,Manual,29759.370550849813
403,Toyota,Model D,2000,1.9,101.35,Electric,Automatic,16271.066439802702
404,Honda,Model B,2010,3.9,177.696,Electric,Manual,22401.890926595406
405,BMW,Model B,2016,2.8,16.427,Petrol,Automatic,30766.84411921527
406,Audi,Model D,2004,1.5,164.348,Electric,Manual,18340.76773888485
407,Ford,Model C,2006,3.0,71.643,Diesel,Manual,23236.84170280647
408,Toyota,Model D,2018,2.4,134.511,Electric,Manual,29503.558295522016
409,BMW,Model C,2014,3.3,78.672,Petrol,Automatic,30944.942798394204
410,Audi,Model C,2002,4.1,17.3,Diesel,Automatic,26386.106017011043
411,BMW,Model E,2014,2.4,60.289,Electric,Automatic,28425.17326959236
412,Audi,Model B,2004,2.0,148.254,Diesel,Manual,18625.992659194268
413,Honda,Model B,2011,1.1,181.984,Petrol,Automatic,19284.01440751678
414,BMW,Model C,2019,3.0,157.981,Electric,Manual,28481.88401544286
415,BMW,Model B,2004,2.4,19.659,Electric,Automatic,25190.31531302548
416,BMW,Model A,2002,2.3,162.475,Diesel,Automatic,14567.40380071618
417,Honda,Model C,2008,1.6,164.658,Electric,Manual,19248.87664902724
418,Toyota,Model B,2008,2.5,10.36,Electric,Manual,27008.987249084952
419,Audi,Model A,2006,4.4,21.424,Electric,Automatic,24150.39001597226
420,BMW,Model E,2001,2.0,98.035,Electric,Automatic,19378.806954119093
421,Honda,Model B,2020,3.1,48.791,Petrol,Manual,31292.22989752252
422,Toyota,Model A,2015,3.7,134.137,Electric,Manual,26276.373846292627
423,Audi,Model D,2008,3.6,199.867,Diesel,Automatic,20218.692271633387
424,Honda,Model D,2012,2.2,12.3,Petrol,Manual,25677.70591326012
425,Audi,Model A,2018,3.1,33.37,Diesel,Automatic,32809.582954226775
426,BMW,Model C,2019,4.0,27.209,Diesel,Automatic,34506.13511145146
427,Toyota,Model C,2016,1.1,20.927,Diesel,Automatic,26399.21002822621
428,Honda,Model B,2005,2.5,34.579,Petrol,Manual,24863.533650036403
429,Toyota,Model D,2003,1.8,9.032,Petrol,Automatic,20268.0075647344
430,BMW,Model C,2000,2.4,93.254,Petrol,Automatic,19288.553556780807
431,Toyota,Model C,2017,2.5,78.413,Electric,Manual,29520.54782700672
432,Toyota,Model D,2018,3.6,171.803,Diesel,Manual,27220.34731923514
433,Ford,Model E,2008,1.3,113.528,Petrol,Manual,21501.368415097284
434,Toyota,Model C,2012,2.8,184.839,Diesel,Automatic,23688.754765104237
435,Audi,Model A,2007,3.0,123.916,Petrol,Manual,22141.504545928503
436,Honda,Model B,2012,2.7,72.302,Petrol,Manual,28975.798969017906
437,Ford,Model C,2014,3.6,181.026,Petrol,Automatic,23978.52966869796
438,Honda,Model C,2010,2.3,85.757,Diesel,Automatic,22913.228252901445
439,Honda,Model E,2011,4.3,156.174,Electric,Automatic,24505.79876320584
440,BMW,Model A,2013,2.7,165.505,Petrol,Automatic,23158.70517974332
441,BMW,Model B,2003,3.0,15.932,Petrol,Manual,27873.75569634464
442,Ford,Model C,2000,3.9,25.714,Petrol,Automatic,25517.225709627583
443,BMW,Model B,2003,2.0,57.803,Electric,Manual,20262.536256793614
444,BMW,Model D,2018,1.3,170.815,Diesel,Automatic,24947.77009364076
445,BMW,Model C,2008,3.5,133.624,Diesel,Automatic,20449.16697730669
446,Honda,Model C,2009,2.7,56.627,Diesel,Manual,24734.23923104735
447,Ford,Model D,2003,4.1,177.059,Diesel,Manual,21632.618756453976
448,Honda,Model E,2019,4.4,79.81,Petrol,Manual,36842.41449307512
449,Audi,Model C,2008,2.4,45.38,Electric,Automatic,26492.36252844079
450,Honda,Model B,2012,2.5,160.322,Petrol,Automatic,22483.67511632766
451,Audi,Model A,2011,2.4,199.416,Electric,Manual,18747.46965961865
452,Toyota,Model B,2010,2.1,64.686,Diesel,Manual,26061.84231609852
453,Toyota,Model E,2011,3.7,120.321,Electric,Automatic,26142.685342021625
454,Audi,Model A,2017,3.7,45.028,Petrol,Manual,31139.53729197091
455,Audi,Model B,2011,2.7,146.367,Petrol,Manual,21963.66246325903
456,Honda,Model B,2015,1.2,113.141,Diesel,Automatic,21508.05800663881
457,Audi,Model D,2004,2.1,55.248,Petrol,Manual,22464.831228761654
458,Ford,Model E,2019,2.0,10.523,Petrol,Automatic,32297.5289460852
459,Toyota,Model D,2011,3.8,45.53,Electric,Automatic,33092.26639729553
460,Toyota,Model A,2020,1.3,13.769,Petrol,Automatic,29716.75574861876
461,Audi,Model D,2010,3.8,194.114,Diesel,Manual,21532.746490393023
462,BMW,Model E,2008,3.3,112.035,Diesel,Manual,26516.61264302641
463,BMW,Model C,2017,3.6,175.717,Petrol,Manual,29524.328700915783
464,Audi,Model C,2002,2.5,193.214,Diesel,Manual,16288.721954797327
465,Ford,Model A,2019,3.4,156.629,Electric,Automatic,26961.423657103594
466,BMW,Model C,2016,3.1,79.782,Electric,Automatic,28264.86466545809
467,Audi,Model D,2013,3.7,78.382,Petrol,Manual,25294.76637027943
468,Ford,Model A,2000,2.6,168.157,Petrol,Manual,13936.613401808594
469,Ford,Model E,2016,2.7,181.78,Electric,Manual,23514.124847007217
470,Honda,Model A,2007,3.3,182.429,Diesel,Manual,19616.57826797136
471,Ford,Model A,2004,1.4,110.939,Petrol,Automatic,19499.865947990053
472,BMW,Model B,2004,2.5,144.542,Petrol,Manual,18382.494426341666
473,BMW,Model B,2008,4.4,78.712,Diesel,Automatic,26412.285406725583
474,Audi,Model A,2002,1.1,118.643,Petrol,Manual,16950.538518690646
475,Audi,Model C,2018,2.1,107.417,Diesel,Manual,31839.68049094693
476,Ford,Model B,2008,2.1,137.877,Diesel,Manual,19671.451665206947
477,Toyota,Model E,2021,3.2,128.256,Diesel,Automatic,29764.97504269076
478,Honda,Model D,2017,1.4,193.1,Diesel,Manual,22338.85116242536
479,Toyota,Model B,2015,3.2,181.844,Diesel,Automatic,22664.56321686147
480,Ford,Model A,2000,1.3,183.176,Electric,Automatic,14986.715073270769
481,Ford,Model C,2001,1.3,101.422,Diesel,Manual,13870.819777764144
482,Toyota,Model D,2013,3.5,89.3,Electric,Automatic,27219.545965462763
483,Honda,Model B,2013,2.1,6.63,Diesel,Automatic,28746.05820498289
484,Toyota,Model C,2000,4.4,124.474,Petrol,Automatic,21878.61549050721
485,Audi,Model C,2015,1.1,98.869,Electric,Manual,19813.58740002017
486,BMW,Model C,2014,2.6,15.701,Petrol,Automatic,33120.4297893222
487,Audi,Model A,2014,1.4,145.931,Diesel,Automatic,22331.88516990167
488,BMW,Model E,2011,2.2,152.255,Diesel,Manual,23532.912890998254
489,Ford,Model C,2015,4.5,171.51,Petrol,Manual,30150.571474927743
490,Honda,Model D,2013,4.1,97.285,Diesel,Automatic,27354.622443325887
491,Toyota,Model B,2014,1.2,117.556,Petrol,Automatic,17533.491998554404
492,Honda,Model D,2014,3.0,173.316,Diesel,Automatic,25626.932150593664
493,Toyota,Model A,2018,3.3,15.021,Diesel,Automatic,33276.18465965322
494,Audi,Model A,2007,1.7,186.637,Electric,Manual,14301.81300825588
495,Audi,Model D,2001,1.5,179.115,Petrol,Manual,14696.84930608102
496,Toyota,Model E,2001,4.2,64.361,Diesel,Automatic,29609.06386426452
497,Honda,Model A,2009,4.4,132.317,Petrol,Manual,25466.33700972334
498,Toyota,Model A,2002,4.5,172.083,Electric,Automatic,22298.082614604635
499,Ford,Model D,2016,3.8,10.355,Petrol,Manual,32107.244413061064
500,Audi,Model A,2007,3.3,98.841,Electric,Manual,20784.434469100896
501,Ford,Model E,2003,2.2,179.764,Petrol,Automatic,17739.680938645983
502,Audi,Model E,2013,1.6,180.076,Petrol,Automatic,20788.346343616537
503,Audi,Model E,2020,1.3,160.786,Electric,Automatic,22629.29433068185
504,BMW,Model B,2009,3.4,17.198,Diesel,Automatic,32852.53861605079
505,Ford,Model E,2000,3.7,66.951,Diesel,Manual,19523.472060686192
506,Ford,Model E,2003,3.9,132.724,Diesel,Manual,19203.73984815596
507,BMW,Model B,2000,4.2,174.697,Petrol,Automatic,17579.414810494927
508,Honda,Model C,2016,4.1,18.74,Petrol,Manual,33550.20598535879
509,Ford,Model A,2016,4.5,3.81,Diesel,Manual,38740.20941505724
510,Toyota,Model E,2006,1.9,123.743,Petrol,Automatic,19711.245875621524
511,BMW,Model A,2019,3.7,147.641,Petrol,Automatic,28132.042020800465
512,Ford,Model D,2014,3.1,99.855,Diesel,Manual,24667.236464418227
513,Honda,Model A,2012,1.9,26.783,Electric,Automatic,29634.11708368306
514,Ford,Model B,2001,4.4,121.701,Petrol,Automatic,19941.668233065524
515,Audi,Model A,2018,4.1,78.047,Petrol,Manual,29748.42741727965
516,Toyota,Model A,2012,1.4,9.471,Petrol,Manual,26525.93371810565
517,BMW,Model A,2010,1.1,110.771,Petrol,Automatic,20987.838049310336
518,Audi,Model C,2021,3.4,6.163,Electric,Manual,34551.564799679385
519,Honda,Model C,2014,3.1,194.159,Diesel,Automatic,23906.08500591521
520,Audi,Model D,2009,4.3,62.071,Petrol,Automatic,28430.497446038506
521,Audi,Model B,2008,1.8,16.065,Diesel,Manual,27902.28787922317
522,Honda,Model A,2008,1.3,122.323,Petrol,Manual,20494.071224166142
523,Audi,Model A,2019,1.9,117.969,Electric,Automatic,29984.50868072827
524,BMW,Model A,2000,1.1,83.456,Diesel,Automatic,16142.742148245025
525,Ford,Model A,2016,1.1,179.42,Electric,Automatic,21916.94204881119
526,Audi,Model C,2011,4.2,19.154,Petrol,Manual,28368.67755637264
527,BMW,Model D,2009,2.2,105.703,Electric,Automatic,28398.167386151785
528,Ford,Model E,2004,2.4,20.229,Electric,Manual,26376.443066942516
529,Ford,Model B,2017,1.1,52.587,Petrol,Automatic,26478.03555555456
530,Audi,Model A,2014,1.9,49.713,Petrol,Manual,26796.099578734294
531,BMW,Model D,2005,3.8,158.069,Diesel,Automatic,20702.503852725466
532,Audi,Model E,2006,3.2,21.101,Petrol,Manual,31025.02324620335
533,Honda,Model D,2016,3.6,40.391,Diesel,Automatic,33977.54900068243
534,Ford,Model C,2005,2.6,72.723,Electric,Automatic,22177.2133952293
535,Audi,Model E,2007,2.1,190.477,Electric,Automatic,14698.519963751436
536,Ford,Model D,2011,2.7,166.02,Diesel,Automatic,23991.209271015832
537,BMW,Model C,2020,2.1,100.264,Petrol,Manual,29863.897852627248
538,Toyota,Model D,2013,3.9,184.103,Petrol,Manual,25507.5913945012
539,Audi,Model D,2011,2.0,37.921,Electric,Manual,26436.4611292362
540,Audi,Model E,2009,3.3,28.46,Diesel,Manual,28077.76510217848
541,Ford,Model C,2021,1.5,152.143,Electric,Manual,28263.29702295948
542,BMW,Model A,2019,3.4,197.19,Electric,Automatic,28997.038478608956
543,Honda,Model B,2014,4.2,179.354,Petrol,Manual,26712.54975128324
544,BMW,Model E,2006,3.1,91.725,Diesel,Manual,25553.431729679814
545,Audi,Model C,2008,3.0,58.445,Electric,Manual,26549.946328341422
546,Honda,Model D,2009,4.4,82.208,Petrol,Manual,25449.62845506619
547,BMW,Model C,2009,3.2,185.888,Electric,Automatic,18646.114487980707
548,Toyota,Model B,2015,1.9,106.283,Electric,Automatic,27278.21380609888
549,Ford,Model B,2006,2.0,85.779,Petrol,Automatic,24258.46069562238
550,BMW,Model A,2004,3.5,3.06,Petrol,Automatic,29955.25401661924
551,BMW,Model A,2002,3.6,125.806,Diesel,Manual,21601.804620174065
552,Toyota,Model B,2017,2.1,13.731,Electric,Manual,33196.04791259053
553,Audi,Model E,2010,2.2,77.83,Diesel,Automatic,24392.22541100154
554,Ford,Model E,2014,4.5,115.871,Petrol,Automatic,30449.230673076603
555,BMW,Model D,2020,1.4,20.719,Petrol,Manual,30354.68526375977
556,Honda,Model A,2019,2.4,178.114,Electric,Manual,22280.728733700234
557,BMW,Model D,2004,1.2,49.116,Diesel,Automatic,22673.343944994536
558,Ford,Model A,2011,3.9,26.325,Diesel,Automatic,33533.998809322286
559,BMW,Model B,2003,1.3,153.669,Electric,Automatic,20364.467560833436
560,Toyota,Model E,2014,3.4,198.511,Electric,Automatic,23402.50800279199
561,BMW,Model E,2008,1.2,14.551,Diesel,Manual,22576.83036324354
562,BMW,Model B,2006,3.4,93.287,Petrol,Manual,23478.768525342373
563,Honda,Model D,2009,4.0,24.278,Petrol,Manual,30014.31722894964
564,Toyota,Model D,2012,2.4,15.141,Electric,Automatic,29339.945613255823
565,Toyota,Model C,2007,2.8,67.913,Diesel,Manual,25646.102513476864
566,BMW,Model A,2011,2.4,33.615,Diesel,Manual,28345.188584793337
567,Honda,Model D,2021,2.1,122.058,Diesel,Automatic,29151.26451693051
568,BMW,Model B,2018,3.8,193.823,Petrol,Automatic,26303.696095385163
569,BMW,Model D,2000,2.0,112.684,Petrol,Automatic,12915.208194446448
570,Ford,Model E,2015,3.5,27.452,Diesel,Automatic,32581.667657386897
571,Ford,Model A,2021,1.7,153.797,Diesel,Automatic,25383.611522614377
572,Honda,Model C,2016,1.9,50.391,Electric,Automatic,29380.983727641866
573,Audi,Model A,2017,2.2,120.288,Electric,Manual,25162.63558884495
574,Ford,Model E,2010,3.1,113.535,Diesel,Manual,24970.301448952778
575,Audi,Model E,2017,2.6,142.77,Diesel,Manual,26673.984375057767
576,Toyota,Model E,2006,3.6,86.711,Petrol,Manual,24544.365596538628
577,Ford,Model E,2017,1.7,77.85,Diesel,Manual,28359.241204460563
578,Ford,Model B,2007,1.0,109.733,Electric,Manual,19153.59986492969
579,Honda,Model C,2005,3.7,2.365,Petrol,Automatic,29095.0676646302
580,Audi,Model E,2006,3.9,97.662,Electric,Automatic,19071.482401886
581,Ford,Model E,2021,1.2,43.372,Electric,Automatic,27443.625430348955
582,Ford,Model D,2009,3.1,44.134,Petrol,Manual,25210.9683686807
583,Honda,Model C,2010,2.3,37.823,Electric,Manual,27141.514435799338
584,Honda,Model A,2012,3.8,71.158,Diesel,Automatic,31585.430466593
585,Audi,Model C,2008,4.1,96.076,Electric,Automatic,26159.369790567744
586,Toyota,Model C,2006,4.0,133.021,Petrol,Automatic,25045.546358609736
587,Toyota,Model C,2008,3.7,49.396,Petrol,Automatic,29226.70531265174
588,BMW,Model E,2012,1.9,108.336,Petrol,Automatic,23662.98684694064
589,Ford,Model E,2002,3.8,31.912,Electric,Manual,27152.35340166336
590,Audi,Model B,2002,2.9,56.947,Diesel,Manual,23444.53743766368
591,Ford,Model A,2000,1.2,44.387,Petrol,Manual,18896.089006414448
592,Audi,Model D,2020,2.6,195.037,Diesel,Automatic,25230.31069933307
593,Audi,Model C,2019,4.3,16.508,Petrol,Manual,39167.862819603455
594,Audi,Model A,2001,4.1,45.592,Diesel,Automatic,26365.897946951394
595,Ford,Model A,2002,1.4,109.249,Diesel,Manual,17773.492240077318
596,Honda,Model B,2014,3.6,1.919,Diesel,Automatic,31349.14883766104
597,Ford,Model D,2005,3.8,42.595,Petrol,Automatic,29802.00029852922
598,Audi,Model C,2012,1.9,140.689,Electric,Manual,18951.45293800211
599,BMW,Model D,2020,2.7,33.298,Electric,Manual,29322.973838803795
600,Toyota,Model B,2000,3.5,138.001,Electric,Manual,19842.87137663502
601,Audi,Model E,2019,2.5,14.456,Diesel,Manual,31015.679617770555
602,BMW,Model A,2018,1.4,109.599,Petrol,Manual,27498.248005694888
603,Honda,Model C,2000,3.5,86.676,Diesel,Automatic,18298.788749268035
604,Audi,Model E,2020,4.2,83.721,Petrol,Manual,35137.56294502124
605,BMW,Model B,2021,3.3,37.924,Diesel,Manual,35845.763869475806
606,Audi,Model D,2001,3.7,24.24,Petrol,Automatic,25924.031928215813
607,Ford,Model A,2014,2.3,87.381,Petrol,Manual,22031.806714839386
608,BMW,Model C,2013,1.6,9.228,Petrol,Automatic,24791.99375936146
609,Ford,Model E,2018,3.2,21.686,Diesel,Manual,33795.57055544985
610,Ford,Model E,2010,2.1,11.92,Electric,Manual,27138.415999229102
611,BMW,Model A,2014,4.0,7.432,Diesel,Automatic,35083.06056980601
612,Toyota,Model D,2005,1.4,194.647,Diesel,Manual,14431.217416537524
613,BMW,Model B,2019,2.5,110.507,Petrol,Manual,27664.28873549533
614,Toyota,Model D,2008,2.4,130.509,Petrol,Manual,16421.914853082533
615,Audi,Model D,2004,4.3,71.725,Electric,Manual,27658.61462354524
616,Audi,Model D,2019,1.5,164.982,Electric,Automatic,21952.607630482187
617,BMW,Model A,2001,1.0,121.764,Petrol,Automatic,14615.388152561552
618,Audi,Model A,2005,1.8,161.298,Electric,Manual,14895.541913781695
619,Honda,Model B,2017,3.9,59.099,Electric,Manual,29264.227872099305
620,Ford,Model D,2018,1.7,112.557,Petrol,Automatic,28716.42565633024
621,Ford,Model A,2008,1.8,86.76,Diesel,Automatic,23852.975389909778
622,Toyota,Model B,2020,1.5,18.013,Electric,Manual,32723.341150708264
623,Audi,Model B,2005,3.5,21.446,Petrol,Automatic,26994.678763801265
624,Toyota,Model D,2013,1.2,105.209,Electric,Automatic,19163.70510806841
625,Ford,Model C,2012,2.2,193.581,Electric,Automatic,23925.03951167561
626,Ford,Model D,2010,2.0,102.261,Petrol,Automatic,23731.53326252679
627,Audi,Model C,2011,2.9,95.739,Electric,Manual,25786.62840015399
628,Honda,Model B,2018,3.6,0.557,Electric,Automatic,34453.88395540584
629,Honda,Model A,2018,2.9,161.738,Electric,Manual,21623.98749412477
630,Audi,Model E,2020,4.3,168.461,Diesel,Manual,31460.067464553445
631,Audi,Model B,2018,4.3,178.772,Diesel,Automatic,25545.99298619549
632,Toyota,Model A,2012,2.3,130.878,Electric,Manual,24149.23832572451
633,Audi,Model B,2013,3.7,99.143,Petrol,Manual,29484.517922247127
634,Honda,Model D,2017,3.6,24.578,Electric,Automatic,34139.415243746305
635,Audi,Model C,2011,4.1,74.779,Electric,Automatic,29900.99708066377
636,Toyota,Model B,2003,2.6,140.668,Diesel,Automatic,21358.839503796597
637,Toyota,Model A,2009,2.9,57.5,Diesel,Manual,24840.169176334057
638,Toyota,Model D,2016,2.5,72.534,Diesel,Manual,28702.305180087013
639,Toyota,Model E,2003,4.0,10.129,Electric,Manual,27543.33919064033
640,BMW,Model D,2011,1.8,194.466,Electric,Manual,14697.569904355794
641,Audi,Model C,2012,1.8,197.118,Petrol,Automatic,19316.766659734018
642,Ford,Model D,2003,2.3,11.596,Electric,Manual,27022.70119304937
643,Audi,Model E,2009,1.8,65.355,Electric,Automatic,26584.91831735439
644,BMW,Model A,2002,3.0,12.974,Diesel,Automatic,29066.254418591463
645,Toyota,Model B,2014,1.5,197.745,Diesel,Automatic,15565.311750821516
646,BMW,Model C,2001,2.1,112.004,Diesel,Automatic,21357.055395762483
647,Honda,Model E,2016,4.2,126.794,Diesel,Manual,29429.97952872076
648,Honda,Model C,2005,2.4,70.202,Diesel,Automatic,25991.02501473992
649,Audi,Model D,2007,3.6,74.442,Petrol,Manual,25188.33518160915
650,Audi,Model C,2002,1.4,152.89,Petrol,Automatic,14093.89904241023
651,Ford,Model E,2017,1.9,174.318,Petrol,Automatic,20153.554847546213
652,Ford,Model B,2021,3.8,55.598,Diesel,Automatic,35872.05513281232
653,Honda,Model B,2000,3.7,133.726,Diesel,Manual,20742.6521410635
654,Toyota,Model C,2015,2.4,33.758,Diesel,Automatic,27378.08087553935
655,BMW,Model A,2006,4.3,24.204,Petrol,Automatic,25061.526465974
656,Ford,Model C,2002,4.2,127.309,Diesel,Automatic,22865.04046864679
657,Ford,Model D,2003,4.4,166.0,Petrol,Automatic,22058.340733889465
658,Toyota,Model B,2008,2.5,184.681,Diesel,Manual,16792.04697654847
659,Toyota,Model B,2004,1.7,30.552,Electric,Manual,20496.74317325808
660,Audi,Model B,2018,3.2,141.408,Petrol,Automatic,28641.33635829249
661,BMW,Model A,2014,3.4,47.037,Electric,Automatic,34160.93739664977
662,Toyota,Model A,2007,1.4,147.278,Petrol,Manual,16946.119602183866
663,Ford,Model E,2005,3.8,34.831,Diesel,Manual,25599.17213455413
664,Ford,Model C,2017,1.1,43.563,Diesel,Manual,28119.56692750116
665,Honda,Model C,2018,2.7,18.361,Electric,Automatic,33752.45612969614
666,Toyota,Model D,2014,2.2,41.335,Diesel,Manual,27604.669808215174
667,Audi,Model B,2006,3.6,74.469,Petrol,Automatic,29526.732166983908
668,BMW,Model A,2009,2.1,25.816,Diesel,Manual,28212.57024428336
669,Audi,Model D,2005,3.9,146.691,Diesel,Manual,21202.90858793667
670,Ford,Model D,2013,3.1,92.479,Petrol,Automatic,23891.08405544359
671,Audi,Model A,2016,3.8,26.819,Electric,Manual,35897.89357562975
672,Ford,Model C,2008,4.5,142.813,Electric,Automatic,27243.212472430143
673,Ford,Model B,2018,3.4,122.33,Diesel,Manual,28077.994260076463
674,Ford,Model C,2004,4.4,8.798,Petrol,Automatic,30061.25091522509
675,Ford,Model D,2006,1.1,156.215,Electric,Manual,16088.310205034984
676,Ford,Model B,2018,2.2,49.695,Electric,Manual,30956.447762217937
677,Honda,Model E,2019,1.4,163.819,Diesel,Automatic,21059.150937736635
678,Audi,Model D,2006,1.9,129.544,Petrol,Automatic,16987.761759846308
679,Honda,Model C,2001,3.9,152.254,Electric,Automatic,21309.027465521045
680,Honda,Model C,2015,1.1,9.415,Diesel,Automatic,30104.4796870192
681,Toyota,Model C,2012,2.8,142.157,Diesel,Manual,22510.56594875679
682,Toyota,Model A,2007,3.0,146.08,Diesel,Manual,19697.757848077952
683,Toyota,Model D,2005,3.0,87.638,Diesel,Manual,25413.232904289394
684,BMW,Model B,2005,2.7,18.452,Electric,Manual,24546.87496136964
685,Toyota,Model C,2008,3.8,195.147,Petrol,Manual,20953.472511971533
686,Audi,Model C,2003,1.5,139.192,Diesel,Manual,16397.570043254695
687,Honda,Model A,2010,2.1,195.457,Diesel,Automatic,15493.338109296164
688,Audi,Model B,2004,3.2,110.205,Electric,Manual,22273.978534157337
689,Toyota,Model D,2016,3.4,18.17,Diesel,Manual,33080.31390680832
690,BMW,Model E,2019,2.4,16.259,Diesel,Automatic,33207.43255620322
691,BMW,Model A,2006,4.1,22.099,Petrol,Manual,29411.51173930657
692,Honda,Model D,2014,2.5,140.721,Diesel,Manual,28235.324818826743
693,Audi,Model E,2014,2.4,129.394,Electric,Manual,26653.65646264646
694,Ford,Model C,2013,1.1,59.258,Petrol,Automatic,24814.7180009096
695,Audi,Model C,2012,2.9,172.109,Electric,Automatic,22455.02816769908
696,Toyota,Model B,2010,3.5,11.805,Petrol,Manual,33936.98841550158
697,Ford,Model E,2012,1.4,43.147,Petrol,Automatic,27368.825572010493
698,BMW,Model C,2021,2.1,74.28,Diesel,Manual,27527.994279011105
699,Honda,Model C,2008,3.7,177.125,Diesel,Manual,23441.646445614195
700,Honda,Model B,2009,2.3,106.777,Diesel,Manual,25246.752164119887
701,BMW,Model D,2003,1.8,97.841,Electric,Automatic,22443.38415155157
702,Toyota,Model C,2016,3.4,124.726,Diesel,Manual,26760.716636785022
703,BMW,Model A,2013,1.7,128.359,Diesel,Manual,21533.149009062065
704,Toyota,Model A,2017,4.1,76.215,Petrol,Manual,30005.61995710534
705,Ford,Model D,2010,1.4,112.909,Diesel,Manual,21770.804928672267
706,BMW,Model E,2015,3.5,95.365,Diesel,Manual,30197.4851649114
707,Toyota,Model B,2000,2.7,10.985,Diesel,Automatic,22824.09162664499
708,Ford,Model A,2006,4.0,12.391,Diesel,Manual,29096.81940466168
709,BMW,Model A,2009,1.4,4.861,Petrol,Automatic,21949.514408761872
710,Honda,Model D,2008,3.4,194.654,Diesel,Manual,23086.1981008053
711,BMW,Model E,2002,3.0,183.0,Petrol,Automatic,13720.047256999806
712,Audi,Model E,2021,2.7,34.364,Electric,Manual,33931.35950438561
713,BMW,Model D,2013,2.7,82.399,Diesel,Manual,27256.55966674469
714,Audi,Model A,2014,3.5,42.923,Diesel,Automatic,30945.465937063196
715,Ford,Model B,2001,4.3,138.991,Diesel,Automatic,21288.04375667938
716,BMW,Model A,2013,1.3,186.968,Petrol,Manual,16728.03764855433
717,Ford,Model E,2015,1.1,85.818,Diesel,Automatic,23752.96959161101
718,Ford,Model A,2006,3.8,178.468,Diesel,Automatic,22614.501304504334
719,Toyota,Model B,2003,1.4,165.912,Electric,Manual,17534.71100087327
720,Ford,Model C,2017,4.5,173.327,Petrol,Manual,26991.84812285012
721,Ford,Model A,2004,3.2,71.16,Petrol,Manual,20721.16093904617
722,BMW,Model D,2005,3.3,128.165,Electric,Manual,20134.402297405908
723,BMW,Model C,2006,1.7,139.248,Petrol,Manual,22142.99418970576
724,Honda,Model D,2014,1.8,33.529,Diesel,Automatic,26485.26102002555
725,Toyota,Model D,2000,3.3,187.478,Diesel,Manual,16031.69265948044
726,Ford,Model D,2003,4.2,144.013,Electric,Automatic,24531.174724039647
727,Toyota,Model A,2000,4.4,1.669,Petrol,Manual,26662.757989325783
728,Audi,Model E,2010,1.7,117.373,Petrol,Manual,21200.279220704644
729,Ford,Model C,2017,1.5,44.859,Petrol,Automatic,29846.04658151262
730,Toyota,Model B,2013,1.2,55.786,Electric,Manual,28534.31373505901
731,Honda,Model E,2021,4.0,182.155,Diesel,Automatic,27101.146270610043
732,Honda,Model A,2010,2.0,171.148,Electric,Automatic,22226.790488242365
733,Ford,Model D,2009,1.0,20.323,Diesel,Automatic,23920.792580271354
734,Audi,Model B,2016,1.8,6.021,Electric,Manual,28527.09258907013
735,Honda,Model C,2003,2.2,39.807,Diesel,Manual,23408.76286061512
736,Honda,Model E,2014,4.5,128.305,Petrol,Manual,26269.613884462808
737,Audi,Model E,2015,2.8,50.355,Petrol,Manual,30526.27286292576
738,Toyota,Model B,2020,1.7,113.415,Petrol,Manual,33028.54602226908
739,Honda,Model A,2012,2.2,175.804,Electric,Manual,22821.001630507388
740,BMW,Model C,2008,2.2,8.711,Electric,Automatic,26754.65072441976
741,Honda,Model B,2010,1.1,194.151,Electric,Manual,18596.853815348863
742,Toyota,Model D,2010,1.5,7.904,Petrol,Manual,24741.756542765477
743,Toyota,Model C,2005,3.4,64.033,Diesel,Manual,23571.00072799566
744,Ford,Model E,2000,1.4,86.478,Petrol,Manual,17321.77044957747
745,BMW,Model B,2021,1.8,120.035,Petrol,Automatic,27273.812399699676
746,Toyota,Model E,2005,2.2,186.168,Diesel,Automatic,14004.994361580464
747,Audi,Model E,2012,3.7,3.093,Diesel,Automatic,31632.395015779137
748,BMW,Model E,2021,3.0,24.918,Diesel,Automatic,33964.92256602789
749,BMW,Model A,2021,3.4,193.708,Diesel,Automatic,29698.544695677265
750,Audi,Model E,2004,3.0,189.878,Petrol,Manual,14919.408967330335
751,Honda,Model D,2014,3.4,140.466,Electric,Automatic,23004.602918828856
752,Audi,Model D,2017,1.0,124.501,Petrol,Automatic,23626.367885209133
753,Audi,Model C,2019,4.3,92.51,Diesel,Manual,34776.253205454785
754,Honda,Model E,2013,1.4,93.708,Electric,Manual,24717.78602808103
755,Honda,Model E,2014,2.4,97.819,Electric,Automatic,26514.403786845945
756,Honda,Model B,2004,3.7,144.352,Petrol,Manual,20605.18393999694
757,Honda,Model A,2003,2.5,36.303,Petrol,Manual,25037.059858589662
758,Honda,Model C,2001,4.3,27.453,Petrol,Automatic,28381.128439633416
759,Audi,Model E,2006,2.6,108.886,Electric,Manual,21241.078267630648
760,Ford,Model B,2009,4.1,60.695,Electric,Automatic,26768.00097962714
761,Ford,Model A,2015,3.8,199.521,Electric,Automatic,22239.70580929438
762,Toyota,Model C,2009,4.4,156.837,Diesel,Manual,26215.61855609533
763,Ford,Model C,2017,4.2,133.412,Diesel,Automatic,26140.85335780489
764,Ford,Model E,2016,4.1,38.057,Petrol,Automatic,36651.26835059423
765,Audi,Model C,2020,3.6,131.669,Electric,Manual,28704.298613010797
766,Honda,Model B,2012,2.3,189.06,Petrol,Manual,20766.06386060848
767,Honda,Model C,2000,1.4,94.655,Electric,Manual,18470.670115954184
768,Audi,Model D,2000,3.4,15.025,Petrol,Manual,23681.37856994183
769,Ford,Model B,2014,4.4,7.145,Diesel,Automatic,33522.95431468951
770,Audi,Model A,2000,3.5,101.206,Electric,Manual,21203.640003891152
771,Toyota,Model A,2005,4.3,186.869,Diesel,Manual,19049.108361568786
772,Honda,Model E,2012,3.8,41.723,Electric,Automatic,28378.56647333485
773,BMW,Model E,2000,1.6,73.23,Petrol,Automatic,16582.93551064051
774,Toyota,Model D,2004,1.9,135.902,Electric,Automatic,20423.192572180425
775,Toyota,Model A,2008,2.2,155.002,Diesel,Automatic,20445.74969343067
776,Audi,Model A,2016,1.6,154.824,Electric,Manual,20872.465882247303
777,Ford,Model A,2015,3.0,108.138,Petrol,Manual,28838.61891246819
778,Honda,Model A,2007,4.4,62.04,Electric,Automatic,26722.489506334237
779,BMW,Model C,2016,3.7,108.668,Diesel,Automatic,25065.775596685184
780,Toyota,Model B,2014,2.5,198.768,Petrol,Automatic,22455.217982320704
781,BMW,Model B,2000,1.0,195.72,Diesel,Automatic,14506.461903619813
782,Ford,Model D,2011,2.1,55.03,Electric,Manual,27064.579343038036
783,Ford,Model C,2004,2.8,56.815,Diesel,Automatic,19984.57609712983
784,BMW,Model A,2005,2.1,112.789,Electric,Manual,20013.43919955849
785,Honda,Model A,2000,1.4,166.762,Petrol,Automatic,12912.744000494074
786,Ford,Model E,2000,2.5,57.923,Diesel,Manual,21860.274325287784
787,BMW,Model E,2009,1.9,167.644,Diesel,Manual,17223.26144626241
788,Toyota,Model D,2009,4.2,185.102,Electric,Manual,21977.94549981292
789,BMW,Model A,2002,1.4,67.904,Diesel,Manual,16564.634033954575
790,BMW,Model D,2016,1.2,160.275,Diesel,Automatic,21829.79156488277
791,Audi,Model C,2018,1.0,77.088,Petrol,Manual,23379.808161454923
792,Ford,Model B,2010,2.1,5.608,Electric,Automatic,28794.44897144587
793,Honda,Model A,2017,3.3,45.667,Electric,Manual,30315.555621993903
794,Honda,Model C,2001,3.6,55.547,Petrol,Manual,17639.82091740691
795,Audi,Model A,2008,2.6,153.557,Petrol,Automatic,22109.666286198262
796,Honda,Model E,2016,3.4,140.934,Electric,Automatic,27741.3800384248
797,BMW,Model D,2013,2.3,128.391,Petrol,Manual,26386.3340955414
798,Audi,Model E,2003,3.3,75.948,Petrol,Manual,19122.362985660187
799,Toyota,Model B,2016,1.1,71.88,Petrol,Automatic,24296.900920327236
800,Ford,Model E,2016,2.4,57.56,Electric,Manual,29185.18592112373
801,Ford,Model A,2011,3.8,115.063,Petrol,Automatic,27490.26178607263
802,Ford,Model E,2019,3.8,94.218,Diesel,Automatic,28463.332124521134
803,BMW,Model A,2017,3.5,114.462,Diesel,Automatic,29639.81991545443
804,Toyota,Model B,2002,1.7,159.487,Electric,Manual,14282.096182781224
805,Audi,Model E,2010,1.9,195.595,Petrol,Manual,14310.09267302652
806,Audi,Model D,2017,4.5,150.395,Diesel,Automatic,27478.88802589669
807,Ford,Model D,2003,1.4,184.286,Electric,Automatic,15114.454273227717
808,Toyota,Model D,2016,1.6,17.997,Diesel,Automatic,25673.5538552674
809,Toyota,Model E,2017,1.5,121.266,Petrol,Automatic,25710.80367921752
810,Toyota,Model E,2004,2.1,188.075,Electric,Manual,16363.006004803525
811,Honda,Model E,2013,1.7,3.679,Diesel,Automatic,28208.33184570986
812,Honda,Model A,2009,2.7,40.308,Electric,Manual,23614.2049800315
813,Ford,Model B,2014,2.7,170.914,Diesel,Automatic,19744.4023531317
814,Toyota,Model D,2000,4.2,196.48,Diesel,Manual,16779.03670973529
815,Toyota,Model A,2015,1.1,185.01,Petrol,Manual,17199.61995623003
816,Audi,Model D,2010,2.1,5.695,Petrol,Manual,27247.73278901873
817,Audi,Model A,2019,3.1,58.499,Diesel,Manual,33587.414314696594
818,Ford,Model E,2005,3.1,23.382,Electric,Manual,25984.857565168146
819,Toyota,Model D,2021,2.7,14.235,Electric,Automatic,33587.36012453767
820,Ford,Model E,2015,3.9,193.295,Petrol,Automatic,24035.944448670376
821,Audi,Model D,2001,1.2,133.438,Diesel,Manual,17254.90386193008
822,Audi,Model C,2000,3.9,158.539,Petrol,Automatic,21459.78977497134
823,Honda,Model A,2008,2.7,190.388,Diesel,Automatic,19724.467424347014
824,Ford,Model C,2021,1.5,112.468,Diesel,Automatic,27149.783034796783
825,Ford,Model A,2011,4.1,6.764,Petrol,Automatic,32820.925229711924
826,Toyota,Model B,2016,3.3,113.831,Electric,Automatic,30764.35380450617
827,Toyota,Model D,2014,1.6,61.836,Petrol,Automatic,27060.70552017444
828,Honda,Model B,2018,1.1,31.923,Diesel,Automatic,31648.72781951309
829,BMW,Model B,2021,1.5,95.711,Petrol,Manual,26876.28029602585
830,BMW,Model A,2009,3.1,16.292,Electric,Automatic,26214.261960597112
831,BMW,Model C,2011,1.6,124.913,Electric,Automatic,20116.23103206856
832,Ford,Model E,2013,1.8,132.686,Diesel,Automatic,21340.10613849594
833,Ford,Model A,2008,1.1,20.939,Petrol,Manual,27362.10585547259
834,Audi,Model E,2012,3.5,18.8,Electric,Manual,32532.827489072028
835,Ford,Model B,2002,3.8,56.44,Petrol,Automatic,23503.08695136477
836,Ford,Model E,2020,3.8,154.318,Electric,Manual,30500.922353865397
837,Ford,Model C,2013,1.4,127.521,Diesel,Manual,21664.78777781604
838,Honda,Model A,2020,4.2,183.877,Diesel,Automatic,31475.253384153933
839,Ford,Model C,2009,3.4,121.327,Petrol,Manual,23566.24751062191
840,Toyota,Model C,2015,4.1,49.648,Diesel,Automatic,29139.821485842825
841,Toyota,Model A,2006,2.6,115.192,Electric,Manual,21066.897866998635
842,Audi,Model C,2003,2.5,187.923,Diesel,Automatic,15437.541335845408
843,Honda,Model D,2019,3.7,162.76,Electric,Manual,25075.546704103363
844,Toyota,Model D,2010,1.3,93.498,Electric,Automatic,23096.923514556613
845,Honda,Model D,2015,2.8,29.764,Diesel,Automatic,33461.2376606341
846,Honda,Model E,2019,3.9,32.47,Electric,Manual,32431.531352554262
847,Audi,Model C,2003,3.9,169.573,Electric,Automatic,21766.770785844343
848,Honda,Model A,2021,4.3,57.207,Petrol,Automatic,34026.38834535573
849,Ford,Model A,2021,3.4,62.157,Petrol,Manual,33142.712886753456
850,Honda,Model E,2016,1.7,134.288,Petrol,Automatic,23426.05555120308
851,Audi,Model A,2012,1.1,153.144,Diesel,Automatic,19493.37826986215
852,Audi,Model D,2010,2.7,93.778,Petrol,Manual,25657.26534399011
853,Audi,Model C,2002,2.8,130.016,Electric,Automatic,17050.834719104532
854,Toyota,Model A,2008,1.8,124.288,Diesel,Manual,22972.200218212456
855,Ford,Model A,2005,1.4,168.204,Diesel,Automatic,16896.885513433524
856,Toyota,Model B,2021,3.1,110.573,Diesel,Manual,31842.51555267945
857,BMW,Model B,2020,3.7,120.73,Diesel,Manual,28803.36809414977
858,Ford,Model B,2010,4.5,148.933,Electric,Automatic,23323.802277925504
859,Honda,Model C,2015,3.7,64.186,Electric,Manual,33056.12686374881
860,Audi,Model D,2018,3.8,4.96,Petrol,Automatic,33036.5015082724
861,BMW,Model D,2004,3.2,18.781,Diesel,Automatic,26759.560482450885
862,Ford,Model D,2013,4.5,31.126,Petrol,Manual,34981.69166337588
863,Toyota,Model C,2016,3.2,153.65,Electric,Automatic,25463.89606179028
864,Audi,Model C,2002,4.0,106.034,Diesel,Automatic,25038.454126059263
865,Toyota,Model B,2003,4.3,17.883,Electric,Manual,27662.73339241233
866,Ford,Model A,2015,4.3,29.782,Petrol,Automatic,31056.06400243794
867,Ford,Model E,2015,2.3,56.387,Electric,Automatic,29028.99508221764
868,BMW,Model E,2020,1.3,148.051,Diesel,Manual,24594.04206742891
869,Honda,Model A,2003,1.6,33.746,Diesel,Automatic,27388.65248761482
870,Toyota,Model B,2018,1.2,66.266,Petrol,Automatic,25196.48226777396
871,BMW,Model A,2016,1.4,0.056,Diesel,Manual,29293.5057893413
872,Audi,Model A,2012,1.6,31.457,Electric,Automatic,25165.41875963256
873,Honda,Model E,2021,2.2,133.315,Electric,Automatic,26949.280836856407
874,BMW,Model B,2000,2.9,186.103,Electric,Manual,15129.245135187266
875,Toyota,Model C,2011,3.5,132.773,Electric,Automatic,23116.750355878983
876,Ford,Model E,2003,1.7,187.453,Petrol,Automatic,15463.825219393775
877,Audi,Model C,2010,3.4,181.51,Electric,Manual,21296.212255821072
878,Toyota,Model B,2004,3.5,73.839,Petrol,Manual,26999.01593576784
879,Honda,Model A,2001,3.0,80.636,Electric,Automatic,20171.0857534227
880,Honda,Model D,2016,4.2,107.697,Petrol,Automatic,33737.89614263645
881,Ford,Model D,2007,1.4,66.483,Electric,Manual,22527.59801275029
882,Ford,Model B,2005,1.6,20.505,Electric,Automatic,26217.4168791702
883,Audi,Model D,2020,2.5,137.625,Petrol,Automatic,27349.656931245736
884,Audi,Model C,2008,1.4,33.525,Diesel,Automatic,22562.441200288053
885,Ford,Model D,2012,3.0,96.008,Diesel,Manual,25672.558159681736
886,Ford,Model B,2010,2.4,44.348,Diesel,Automatic,23809.063578324625
887,Honda,Model B,2015,2.0,7.273,Petrol,Automatic,29913.282767612985
888,Ford,Model C,2015,1.6,64.236,Diesel,Manual,26832.38575226366
889,BMW,Model D,2001,2.2,134.607,Diesel,Manual,17261.095591370893
890,Toyota,Model D,2009,3.1,149.749,Petrol,Manual,24872.86445027373
891,Ford,Model A,2011,3.0,107.157,Diesel,Automatic,24843.882337874187
892,Audi,Model E,2007,1.6,0.908,Diesel,Automatic,21866.61281431557
893,BMW,Model B,2010,1.4,108.352,Diesel,Manual,28470.530021919563
894,Audi,Model A,2009,1.1,95.967,Petrol,Automatic,19520.432917033355
895,BMW,Model B,2012,1.0,88.989,Petrol,Automatic,24488.04021758249
896,Ford,Model A,2016,4.1,35.079,Diesel,Automatic,30437.55665791036
897,Toyota,Model E,2006,1.2,111.889,Diesel,Automatic,19295.97434693671
898,Audi,Model A,2002,3.6,49.323,Petrol,Manual,23144.758383857265
899,BMW,Model B,2019,4.1,176.392,Diesel,Manual,22235.130083510947
900,Honda,Model D,2012,1.3,89.909,Petrol,Automatic,22538.930009914908
901,Ford,Model B,2018,2.5,46.105,Diesel,Manual,30594.619283539007
902,Toyota,Model C,2006,4.4,161.236,Petrol,Automatic,22300.428152687666
903,Ford,Model C,2008,3.9,132.957,Electric,Automatic,24638.376696567437
904,Honda,Model C,2018,2.7,188.891,Electric,Manual,23416.4338265483
905,Toyota,Model C,2012,3.7,1.049,Petrol,Manual,32485.849632273097
906,Honda,Model E,2021,3.9,53.281,Electric,Automatic,34976.17400330859
907,Ford,Model D,2007,2.2,43.271,Diesel,Automatic,24666.09382245913
908,BMW,Model D,2021,4.1,66.697,Petrol,Automatic,34023.598335595845
909,Ford,Model B,2017,2.6,197.423,Petrol,Automatic,21041.542979408783
910,Ford,Model A,2001,2.8,36.534,Diesel,Manual,24462.19120800823
911,Ford,Model B,2017,4.5,93.034,Diesel,Manual,31282.30530540028
912,Audi,Model B,2017,4.0,58.097,Petrol,Automatic,31867.498548904205
913,Honda,Model B,2010,2.3,184.885,Diesel,Automatic,20380.33862100852
914,Honda,Model B,2000,1.0,25.037,Petrol,Manual,20172.066054003128
915,Honda,Model D,2013,3.2,167.079,Diesel,Automatic,22149.60935755684
916,Audi,Model A,2015,3.5,27.278,Petrol,Manual,34637.41728587654
917,BMW,Model B,2010,3.3,139.344,Diesel,Automatic,21254.35203017524
918,Ford,Model D,2000,4.4,188.255,Diesel,Manual,16324.30091217851
919,BMW,Model B,2006,4.0,99.173,Electric,Automatic,26378.05793568692
920,Audi,Model C,2015,2.6,38.294,Electric,Automatic,33287.57119482889
921,Honda,Model B,2013,1.2,73.277,Electric,Automatic,23081.34561554113
922,Ford,Model B,2014,2.7,193.581,Diesel,Manual,22546.59274546629
923,Toyota,Model E,2013,3.4,4.694,Petrol,Manual,29680.57288346329
924,Toyota,Model C,2020,3.1,58.15,Diesel,Automatic,30434.52936782139
925,BMW,Model A,2010,2.9,67.47,Electric,Automatic,28690.896383441363
926,Honda,Model B,2015,2.6,21.556,Diesel,Automatic,31353.726061514277
927,Toyota,Model A,2018,2.0,195.543,Electric,Automatic,24549.309510281557
928,BMW,Model C,2016,2.0,180.927,Electric,Manual,24126.267508872705
929,Audi,Model B,2005,2.8,49.086,Petrol,Manual,20466.60061376525
930,BMW,Model E,2010,1.6,149.979,Petrol,Manual,17309.141319888822
931,BMW,Model D,2016,2.2,179.559,Electric,Automatic,22971.00160315562
932,BMW,Model E,2008,2.1,160.23,Electric,Automatic,15794.32003811888
933,Ford,Model E,2017,3.1,151.365,Diesel,Manual,24023.13991479184
934,BMW,Model D,2016,1.2,176.833,Electric,Automatic,23412.28480882082
935,BMW,Model D,2011,3.9,99.468,Diesel,Manual,26243.46824677823
936,Ford,Model D,2021,3.0,33.387,Electric,Manual,35251.24715724207
937,Ford,Model B,2021,3.3,171.822,Petrol,Manual,27452.563459695324
938,Audi,Model A,2004,3.5,68.602,Petrol,Manual,23210.02749141077
939,Honda,Model A,2010,2.0,152.328,Electric,Automatic,17055.181454598933
940,Toyota,Model D,2003,2.6,136.666,Diesel,Manual,19333.304213128755
941,Toyota,Model E,2003,4.3,2.46,Diesel,Automatic,31886.211078137727
942,BMW,Model C,2002,3.7,72.356,Diesel,Manual,22479.14504046849
943,Audi,Model D,2016,4.4,54.698,Electric,Manual,33202.29670845772
944,BMW,Model E,2006,3.6,101.746,Electric,Manual,21073.122393296017
945,Toyota,Model E,2003,1.6,16.191,Petrol,Manual,21546.099617499905
946,Ford,Model B,2012,1.2,84.631,Petrol,Automatic,23850.21331892312
947,Honda,Model B,2011,3.0,10.529,Electric,Automatic,31460.981640799622
948,Audi,Model A,2000,2.3,32.175,Petrol,Automatic,23103.147499916373
949,Ford,Model A,2020,2.0,17.675,Diesel,Automatic,28053.147378505528
950,Honda,Model C,2018,3.8,174.23,Diesel,Manual,25974.630321730518
951,Audi,Model C,2020,2.3,46.798,Electric,Automatic,29325.53777941075
952,Audi,Model C,2019,2.1,70.91,Diesel,Automatic,28536.443448365917
953,Toyota,Model C,2017,4.0,130.4,Electric,Manual,28757.617129025308
954,Ford,Model E,2010,4.0,157.048,Diesel,Automatic,26280.303782390474
955,Audi,Model E,2019,2.2,194.188,Electric,Automatic,23781.07407338705
956,Audi,Model A,2002,3.9,78.678,Diesel,Automatic,26701.763945774168
957,Honda,Model B,2016,4.0,62.821,Diesel,Automatic,30459.92937114564
958,Toyota,Model B,2011,2.5,12.204,Petrol,Manual,26055.64688415636
959,BMW,Model D,2009,1.2,186.737,Petrol,Manual,19473.63528164093
960,Toyota,Model E,2007,1.0,7.394,Petrol,Automatic,24997.210475801265
961,BMW,Model C,2014,2.8,64.814,Petrol,Manual,26872.756465282208
962,Ford,Model C,2004,2.2,33.593,Petrol,Automatic,24595.995757020573
963,Ford,Model D,2003,4.5,173.036,Petrol,Automatic,22518.719134398863
964,Audi,Model B,2020,3.7,115.064,Electric,Automatic,30885.181626015183
965,Ford,Model C,2019,3.7,53.365,Electric,Manual,31773.677143946923
966,Audi,Model B,2018,4.3,131.515,Petrol,Manual,29141.724390288648
967,Toyota,Model D,2020,4.1,159.252,Electric,Manual,29818.642995699603
968,Ford,Model B,2003,2.1,179.863,Petrol,Manual,16104.625910711376
969,Toyota,Model B,2014,1.6,174.737,Electric,Manual,22887.67011557083
970,Toyota,Model B,2016,3.6,103.7,Diesel,Manual,28463.17957519594
971,Ford,Model C,2011,2.3,97.077,Electric,Automatic,22318.62880324897
972,Toyota,Model A,2002,2.7,134.537,Electric,Manual,23827.258659140065
973,Ford,Model E,2009,3.2,68.247,Electric,Automatic,26836.626398975477
974,Ford,Model B,2014,4.2,182.631,Diesel,Automatic,26936.975515779075
975,Ford,Model B,2009,2.5,156.27,Petrol,Manual,21730.19674405176
976,BMW,Model B,2017,3.7,54.74,Electric,Automatic,32536.148877121777
977,Toyota,Model A,2000,1.9,153.56,Electric,Automatic,14666.512538513663
978,Honda,Model D,2002,3.4,169.587,Diesel,Automatic,12713.01859328416
979,Ford,Model C,2020,1.0,27.898,Petrol,Manual,27478.65751840436
980,Toyota,Model A,2011,4.1,132.991,Electric,Manual,26708.68842683459
981,Audi,Model B,2000,1.1,181.142,Diesel,Automatic,6704.953523986209
982,Ford,Model A,2002,3.5,62.613,Petrol,Manual,24012.58678542056
983,Ford,Model A,2002,1.2,96.707,Petrol,Automatic,18887.111021728648
984,Honda,Model A,2004,1.9,111.777,Electric,Manual,20877.707234206868
985,BMW,Model D,2018,2.7,47.003,Electric,Automatic,32246.16049492941
986,BMW,Model E,2000,2.5,48.478,Electric,Automatic,23492.883903234226
987,Ford,Model C,2003,1.7,145.506,Electric,Manual,19835.92276648376
988,Toyota,Model D,2003,2.2,177.318,Diesel,Manual,18226.33587081837
989,Audi,Model D,2016,3.5,167.721,Diesel,Manual,26007.61279780386
990,Audi,Model E,2013,3.3,59.03,Electric,Manual,28879.26029045449
991,Toyota,Model D,2017,1.3,184.133,Petrol,Manual,21122.62574910538
992,Ford,Model A,2000,3.6,133.071,Electric,Automatic,18995.45369665056
993,Audi,Model A,2021,1.2,145.921,Petrol,Automatic,26839.11146449125
994,BMW,Model B,2015,2.9,52.8,Petrol,Automatic,30804.200416601976
995,Toyota,Model D,2002,1.9,5.445,Petrol,Manual,22765.597091106545
996,Honda,Model B,2020,3.1,149.112,Diesel,Manual,30392.575567224198
997,Ford,Model C,2008,1.9,195.387,Petrol,Automatic,16446.89229193078
998,Toyota,Model A,2003,4.4,0.246,Petrol,Automatic,27396.156707853446
999,Audi,Model C,2020,2.1,31.153,Diesel,Automatic,31620.864906698407
